minutes,hours,BC1,Visual WM,WM posttrain,BC5+video,sum_score
30,0.5,0.43061456726602476,0.3465737041161985,0.0,0.043082177515710356,0.8202704488979335
60,1.0,0.7145677103118631,0.3505548698111006,0.11,0.043082177515710356,1.218204757638674
90,1.5,0.7145677103118631,0.35076836559327373,0.11,0.04362424280186758,1.2189603187070044
120,2.0,0.7145677103118631,0.3648910128160219,0.14,0.04363100530331334,1.2630897284311984
